y_true,svm_probs,rf_probs,xgb_probs
0,0.123031146,0.39,0.07564127
0,0.016244011,0.03,0.004533798
0,0.004101676,0,0.001314607
0,0.019217182,0.03,0.00775917
0,0.00257672,0,0.001553625
0,0.023506363,0.05,0.023139082
0,0.003951812,0,0.000871256
0,0.006579213,0,0.001129483
0,0.015044752,0.02,0.004227585
0,0.012911353,0.09,0.012688661
1,0.996224043,0.87,0.9975902
0,0.002805731,0,0.000826633
0,0.003966604,0,0.000980376
1,0.116884389,0.33,0.11606121
0,0.010596297,0,0.004554663
0,0.001992585,0,0.000782549
0,0.006437837,0,0.001352077
0,0.012801901,0.13,0.011932595
0,0.002334036,0,0.000802728
1,0.999999326,0.82,0.99878556
0,0.004166485,0,0.001502286
0,0.006059251,0,0.00183807
1,0.067507594,0.24,0.007425163
0,0.004513048,0,0.00119603
0,0.015563399,0,0.001633794
1,0.960575689,0.7,0.7539916
1,0.99722304,0.98,0.99929404
1,0.996628671,0.95,0.9997745
0,0.057830449,0.21,0.059055336
1,0.153796468,0.47,0.3700289
0,0.00225819,0,0.000775945
1,0.974831237,0.82,0.95742613
1,0.997046575,0.87,0.99898857
0,0.004727907,0.08,0.006156576
0,0.00409146,0,0.000811852
0,0.003738935,0,0.000814909
0,0.007925942,0,0.000856843
0,0.00224966,0,0.00070884
1,0.375857187,0.25,0.60790193
1,0.999989414,0.93,0.9967782
0,0.00306965,0,0.00070884
1,0.919841726,0.64,0.8122783
0,0.003142319,0,0.000782081
1,0.99622371,0.91,0.98761046
0,0.002310063,0,0.000745647
0,0.015247495,0.14,0.015403321
0,0.0050532,0,0.001241319
0,0.036340377,0.12,0.017867222
0,0.002006686,0,0.000774091
1,0.999999892,0.9,0.99813086
0,0.002696092,0,0.000745647
0,0.002384789,0,0.000758015
0,0.002872067,0.01,0.001258637
1,0.784325985,0.62,0.613037
0,0.004063,0,0.00089806
0,0.003090346,0,0.001164968
0,0.004539989,0,0.001771929
0,0.008243622,0,0.001039438
0,0.053930007,0.22,0.032257423
0,0.001873985,0,0.000803529
1,0.9999952,0.97,0.9991032
1,0.692456183,0.55,0.45435745
0,0.003124939,0,0.001012993
0,0.025493753,0.42,0.016852876
0,0.005440686,0,0.001942342
1,0.996006607,0.89,0.996363
1,0.996222956,0.88,0.99686855
0,0.01384761,0,0.004274881
0,0.014456716,0.01,0.00568408
1,0.973137964,0.67,0.513434
0,0.006693756,0,0.006195849
1,0.296853519,0.18,0.42403415
0,0.005015662,0,0.000974357
0,0.002947669,0,0.000958924
1,0.997317745,0.93,0.99375606
1,0.996224048,0.9,0.99264765
0,0.007275509,0.01,0.002521713
1,0.996226319,0.95,0.9982974
0,0.001863414,0,0.001186289
0,0.021229867,0.04,0.007516846
0,0.005546251,0,0.003769188
0,0.006268779,0,0.001009099
0,0.007347329,0.02,0.008506532
0,0.004681742,0,0.00100308
0,0.003741863,0,0.000739775
0,0.086674631,0.25,0.06300449
0,0.004417867,0,0.001111271
1,0.365662453,0.4,0.23008822
0,0.008971302,0.01,0.011298158
0,0.005819919,0,0.001695523
0,0.00493071,0,0.001154507
0,0.026975204,0.23,0.027194196
0,0.027562261,0.02,0.008734251
0,0.003995313,0,0.000805843
0,0.002970197,0,0.000826934
0,0.004892562,0,0.001054165
0,0.003709514,0,0.000753087
0,0.002630331,0,0.001096906
0,0.003391689,0,0.000748971
1,0.999995784,0.92,0.9895921
1,0.599963561,0.61,0.2629142
0,0.005990938,0,0.000748445
0,0.007022253,0,0.001181861
1,0.99720308,0.92,0.99835086
0,0.00469388,0,0.001131714
0,0.043534352,0.31,0.11641157
0,0.005417066,0,0.001577467
0,0.002018119,0,0.000845877
0,0.86880467,0.54,0.23424642
0,0.001821026,0,0.000754239
0,0.016946642,0.19,0.007999633
0,0.019751077,0.08,0.013429607
0,0.007617285,0,0.002057378
0,0.003429759,0,0.000739775
0,0.006583924,0,0.001632258
0,0.001994134,0,0.000792204
1,0.996836197,0.91,0.9926755
0,0.017232437,0,0.01045735
0,0.002579433,0,0.001155342
0,0.008426354,0,0.000971822
0,0.010252689,0.08,0.019796304
0,0.029031256,0.06,0.006265599
1,0.97391798,0.67,0.93423975
0,0.013245552,0.01,0.003513421
0,0.026480056,0.03,0.006905358
1,0.997067798,0.92,0.99298495
0,0.002965248,0,0.000968731
0,0.00346618,0,0.001101657
0,0.003919005,0,0.001495645
0,0.002335838,0,0.001440645
0,0.018813873,0.08,0.018996915
0,0.002675813,0,0.000911659
1,0.996223938,0.87,0.99781704
1,0.997053664,0.99,0.9981748
0,0.0018794,0,0.000713289
0,0.005203504,0,0.001012059
1,0.996226423,0.93,0.9905308
1,0.996180654,0.89,0.994928
0,0.003152307,0,0.000845365
0,0.002820496,0,0.000784966
1,0.920791775,0.65,0.688889
0,0.002703614,0,0.000976643
0,0.003327305,0,0.000987697
0,0.003706402,0,0.001050377
0,0.00822512,0,0.004252149
0,0.018631792,0.01,0.003740572
1,0.785948527,0.59,0.8522109
0,0.020575447,0.01,0.005272358
0,0.054416618,0.29,0.08149266
0,0.002895228,0,0.000904965
0,0.001344507,0,0.001171328
0,0.005460566,0.03,0.002000653
0,0.002586056,0,0.0008185
0,0.008846937,0,0.001976499
0,0.011644389,0.01,0.008024153
0,0.020203112,0,0.014859649
0,0.02146981,0.22,0.015506194
0,0.004426848,0,0.001826381
0,0.004225923,0.02,0.002481367
0,0.00453576,0,0.001588875
0,0.009300871,0.01,0.001669598
1,0.21760651,0.51,0.23689964
0,0.011560673,0.08,0.006362576
0,0.005314261,0,0.001141632
1,0.820890751,0.65,0.7684184
1,0.996472973,0.94,0.99895394
0,0.003573233,0,0.00070884
0,0.981845045,0.64,0.8552184
0,0.047484517,0.37,0.03574046
0,0.002397192,0,0.000967752
0,0.039200858,0.03,0.020934602
0,0.003335009,0,0.000875818
0,0.004008624,0,0.000802852
0,0.002761353,0,0.001079858
0,0.00380555,0,0.001271699
0,0.008556884,0.02,0.009269625
0,0.003464078,0,0.000830114
0,0.004531091,0,0.00143857
0,0.003299858,0,0.001866863
0,0.002789705,0,0.000888154
0,0.004231301,0,0.00173345
0,0.004326391,0,0.001259345
1,0.996535142,0.92,0.99865013
0,0.004110465,0,0.00078416
0,0.002809348,0,0.000748197
0,0.037715651,0.28,0.042806454
0,0.008675721,0,0.000950129
0,0.009438911,0.01,0.002279777
0,0.02781755,0.02,0.006721786
0,0.004169806,0,0.001003921
0,0.00590319,0,0.001278832
0,0.002955025,0,0.001041509
0,0.011363841,0.1,0.00449416
0,0.007258753,0,0.001518202
0,0.036413564,0.28,0.037690233
0,0.053319802,0.04,0.07476932
0,0.004001855,0,0.001000111
0,0.006491553,0,0.001052533
1,0.420800559,0.5,0.23881288
0,0.014413133,0,0.001778756
0,0.006841482,0.04,0.008104391
0,0.007740811,0,0.002869171
0,0.004809342,0,0.003328599
0,0.014170075,0.03,0.001937037
1,0.999982986,0.87,0.9627437
0,0.002303258,0,0.00070884
0,0.012963279,0,0.002769074
0,0.001551839,0,0.001814667
0,0.007058135,0,0.001893925
0,0.003673794,0,0.000735881
0,0.001771352,0,0.000762719
1,0.925679077,0.73,0.7012629
0,0.012565373,0,0.001509851
1,0.999990362,0.94,0.99900275
0,0.004461776,0,0.002744056
0,0.818934479,0.62,0.28838062
0,0.00866738,0,0.007057868
0,0.005643783,0,0.000805898
0,0.002067704,0,0.000751326
0,0.00725208,0.01,0.001621375
0,0.004677911,0,0.000837698
0,0.003523941,0,0.000834545
1,0.981167631,0.85,0.97779113
0,0.002626198,0,0.001171102
1,0.996227437,0.96,0.9995198
0,0.003723094,0,0.000900911
1,0.999987774,1,0.9994462
0,0.004578443,0,0.001015021
1,0.996252911,0.96,0.9969994
1,0.631044819,0.27,0.40763175
0,0.004735052,0,0.002412691
0,0.100564894,0.31,0.13136038
0,0.006414256,0,0.001442003
1,0.97336544,0.77,0.9396485
0,0.005922424,0,0.00103239
0,0.007298849,0,0.002423926
0,0.004993655,0,0.003168206
0,0.010347374,0.03,0.003356605
1,0.395548395,0.65,0.16577919
0,0.002194849,0,0.000708054
0,0.008284584,0,0.001843548
0,0.033340672,0.48,0.1480266
0,0.004736723,0,0.001932595
0,0.002413497,0,0.000804847
0,0.002334148,0,0.000868832
1,0.997217469,0.97,0.99633694
1,0.974203795,0.86,0.9330486
1,0.999999916,0.94,0.9987658
0,0.002364839,0,0.000764369
0,0.017467346,0.07,0.006655532
1,0.586907599,0.56,0.40652093
0,0.002662404,0,0.001286032
0,0.00342035,0,0.000781314
0,0.003293056,0,0.00085045
0,0.001704875,0,0.000752947
0,0.003317327,0,0.000979344
0,0.004954345,0,0.001898475
1,0.997087401,0.87,0.99798787
0,0.002212936,0,0.000853241
1,0.999994531,0.89,0.9924946
1,0.997282666,0.94,0.9886895
1,0.999994658,0.97,0.99916244
0,0.00861606,0,0.001797181
0,0.053629146,0.39,0.098284304
0,0.02824152,0.07,0.016192956
0,0.008321641,0.01,0.002621471
0,0.007681354,0,0.005120393
0,0.005886047,0,0.00106939
0,0.084457839,0.5,0.020901076
1,0.996223832,0.85,0.9951304
0,0.012550567,0.07,0.00199592
0,0.004186942,0,0.001502093
0,0.002001494,0,0.000798955
1,0.999988272,0.9,0.9959486
0,0.002390987,0,0.000746583
0,0.006782186,0,0.001466655
0,0.002707319,0,0.001590127
0,0.001771488,0,0.000708054
0,0.026136252,0.01,0.002987049
0,0.004446652,0,0.001599695
0,0.004146826,0,0.000776744
0,0.060338511,0.15,0.044730894
0,0.002428975,0,0.000772486
0,0.00292895,0.01,0.003463043
0,0.04937478,0.14,0.17492227
0,0.012479755,0,0.002608787
0,0.006226034,0,0.001504687
1,0.999992259,0.89,0.9973838
0,0.005667686,0,0.001300631
0,0.00307232,0,0.000831379
0,0.00230591,0,0.000718557
0,0.008176081,0,0.003852585
0,0.00286253,0.01,0.001388641
0,0.010396404,0,0.000932471
0,0.001408397,0,0.001169651
0,0.004449709,0,0.000767995
1,0.999987323,0.89,0.9804332
0,0.016457816,0.02,0.009157301
0,0.002100843,0,0.000772756
0,0.004431636,0,0.001177601
0,0.003237794,0,0.00070884
1,0.980508662,0.77,0.34906322
0,0.003078798,0,0.000735881
0,0.003114324,0,0.000858806
1,0.991743369,0.72,0.9619337
0,0.025661116,0.05,0.005989348
0,0.485348999,0.58,0.6607916
0,0.013613547,0,0.007867396
0,0.004132407,0,0.000803799
0,0.007795732,0.03,0.012055796
1,0.62808986,0.36,0.696995
0,0.099007805,0.48,0.14674754
0,0.004584571,0.01,0.002163149
0,0.011205362,0.03,0.005176016
1,0.997027721,0.96,0.9987691
0,0.003208903,0,0.001176462
0,0.002192788,0,0.000725428
0,0.002886606,0,0.000951699
1,0.402339108,0.59,0.20255287
0,0.002715515,0,0.00086865
0,0.003874496,0,0.001052176
0,0.003740218,0,0.002712773
0,0.001995622,0.01,0.00211409
0,0.00462441,0,0.001701356
1,0.996233958,0.82,0.96702653
1,0.996220989,0.96,0.99728155
0,0.021814634,0.02,0.018572079
0,0.004415153,0,0.000874494
0,0.002200188,0,0.000735065
1,0.996524865,0.82,0.9915775
1,0.996218188,0.88,0.99625164
1,0.996281349,0.89,0.96802807
0,0.002521804,0,0.000942347
0,0.006366619,0,0.001034589
0,0.004100937,0,0.001099998
0,0.002960245,0,0.000819192
0,0.002849433,0,0.00199357
0,0.006677598,0,0.004147687
0,0.007811711,0.02,0.006041933
0,0.004942943,0,0.000847386
0,0.002434622,0,0.004615045
0,0.009158537,0,0.000986659
0,0.014037831,0.02,0.003153079
0,0.009184296,0,0.007231401
0,0.003355385,0,0.002376054
0,0.003319329,0,0.00122836
0,0.002233209,0,0.000833337
1,0.996226203,0.96,0.9990753
1,0.992960673,0.91,0.9963652
0,0.003664638,0,0.001029132
0,0.006523872,0,0.004931151
0,0.002610469,0,0.000757058
1,0.944981597,0.82,0.96842706
0,0.003521469,0,0.000795248
0,0.036133695,0,0.007980014
0,0.002781496,0,0.000744015
0,0.007643498,0,0.001670066
0,0.004963835,0,0.000786274
0,0.013570667,0.01,0.002552138
0,0.008384193,0,0.002060112
0,0.003368529,0,0.001367941
0,0.005390534,0,0.002322276
0,0.011019031,0.02,0.00601609
1,0.996227294,0.97,0.9910176
0,0.124017497,0.45,0.047514297
1,0.996294517,0.9,0.98569137
0,0.00574144,0,0.001109922
1,0.993653907,0.87,0.9930755
1,0.99003215,0.78,0.93398774
0,0.003741406,0,0.000852491
0,0.002880543,0,0.00079252
0,0.00457796,0,0.001086751
1,0.863079923,0.69,0.8801332
0,0.002667093,0,0.000870627
0,0.010624977,0,0.002542786
1,0.999998895,0.93,0.99893516
0,0.003179785,0,0.000895036
1,0.996226125,0.88,0.9960263
0,0.002489346,0,0.001110471
1,0.367646037,0.5,0.77155584
0,0.013485607,0,0.003362597
0,0.00629259,0,0.001321925
0,0.015452267,0.03,0.015389022
0,0.004789421,0,0.001349022
0,0.004179606,0,0.000977197
1,0.999993531,0.83,0.9933775
0,0.008894313,0,0.001944194
0,0.140959811,0.42,0.32677963
1,0.441215836,0.45,0.2375286
0,0.013036475,0.01,0.004212218
0,0.007562328,0.01,0.003268395
0,0.005439851,0,0.001337358
0,0.007092318,0.02,0.002118913
0,0.129458756,0.15,0.06476337
0,0.022959079,0,0.00585145
0,0.008864997,0,0.000956368
0,0.011135618,0.07,0.001957989
0,0.006747881,0.01,0.003804738
0,0.002830566,0,0.000785966
0,0.006786224,0,0.001011765
0,0.011700921,0,0.000979669
0,0.002500693,0,0.00075433
0,0.133620051,0.24,0.03568764
1,0.999999512,1,0.99966764
1,0.999990932,0.92,0.99846137
0,0.004719529,0,0.000765648
0,0.022054657,0.18,0.015368905
0,0.006375564,0,0.002214946
1,0.999999549,0.92,0.9957416
1,0.991947577,0.82,0.9389265
1,0.997281805,0.97,0.9927907
0,0.008103964,0,0.000881912
0,0.007464379,0.22,0.048695255
0,0.002875882,0,0.000774091
0,0.056542445,0.45,0.05172775
0,0.017328736,0.03,0.002094897
0,0.054382674,0.14,0.021789854
0,0.001748369,0,0.000708054
1,0.99614281,0.78,0.99891925
0,0.004079553,0,0.001032197
0,0.006774356,0,0.001190442
0,0.003620089,0,0.000757383
1,0.996212977,0.89,0.99089885
0,0.006032898,0,0.001960109
1,0.996224683,0.99,0.9975025
0,0.002442453,0,0.001592
0,0.008808391,0,0.001991642
1,0.999999738,0.98,0.999298
1,0.999995936,0.98,0.9993674
0,0.003923827,0,0.001103217
0,0.090042301,0.22,0.034533817
0,0.003021908,0,0.001086876
1,0.930496227,0.73,0.9636427
0,0.00397424,0,0.001224457
0,0.00318307,0,0.00070884
0,0.005269292,0.03,0.001500494
0,0.006837865,0.04,0.003435338
1,0.999988957,0.79,0.89936215
0,0.004246396,0,0.001651139
0,0.004257024,0,0.00151845
0,0.004708929,0.01,0.004240858
1,0.999999339,1,0.9990809
0,0.038238844,0.03,0.026775233
0,0.013708493,0,0.002018226
0,0.005757569,0,0.003576181
0,0.059396941,0.5,0.101434335
0,0.060999121,0.35,0.1323179
0,0.020120562,0,0.008741429
0,0.002182197,0,0.000724623
0,0.0079094,0,0.001644382
0,0.023854348,0.06,0.011703187
0,0.003658798,0,0.00070884
0,0.00183023,0,0.000918238
0,0.01954484,0.01,0.004439475
0,0.002380499,0,0.000763096
0,0.006289749,0,0.002043763
1,0.996266421,0.96,0.99916327
0,0.004204815,0,0.001037036
1,0.13471442,0.42,0.44889277
0,0.020687957,0,0.004544371
0,0.003966084,0,0.001373093
0,0.003578079,0,0.000857685
0,0.005607564,0,0.001232565
1,0.996247646,0.98,0.9975522
0,0.004513723,0,0.001274024
1,0.99999999,0.98,0.99884486
0,0.00233367,0,0.001074625
0,0.011055584,0.05,0.001438063
0,0.003218056,0,0.001075756
0,0.11396485,0.54,0.042880945
0,0.009616558,0,0.003157698
0,0.007503574,0,0.004775601
0,0.011663497,0,0.001437669
0,0.002236392,0,0.000992036
0,0.002935393,0,0.00070884
0,0.007803882,0,0.000789837
0,0.004596019,0,0.000746296
0,0.005369507,0,0.001347238
1,0.458130619,0.66,0.7979713
0,0.013265841,0,0.001959404
0,0.006540585,0,0.001184118
0,0.010260199,0,0.004821002
0,0.003139708,0,0.001078218
0,0.025130356,0.16,0.050293185
0,0.004952624,0,0.001118794
0,0.014259129,0,0.000903224
0,0.01920119,0,0.008125393
0,0.002146596,0,0.00070884
0,0.004398373,0,0.001118848
0,0.001656159,0.01,0.001066413
0,0.002456348,0,0.000870146
1,0.997290434,0.93,0.99771994
1,0.968465188,0.77,0.8347258
0,0.004923485,0,0.000858488
0,0.004418107,0.07,0.00475288
0,0.005330147,0,0.001369275
0,0.002567481,0,0.000777934
0,0.006157808,0,0.000864483
0,0.016814104,0.11,0.009740667
0,0.003343517,0,0.000776225
0,0.007510347,0,0.000887767
0,0.026604166,0.11,0.043822374
0,0.012616541,0.05,0.007012722
0,0.004113995,0,0.001785957
0,0.005171002,0,0.001237688
0,0.002973743,0,0.000796289
0,0.004032701,0,0.000735881
0,0.0027673,0,0.000789811
0,0.029782855,0.06,0.004218107
0,0.004563636,0,0.000847883
0,0.00375463,0,0.001210029
1,0.925392635,0.67,0.94745976
1,0.996239016,0.97,0.99961275
0,0.002812244,0,0.000782487
0,0.002725301,0,0.001690225
0,0.018062678,0,0.004644636
1,0.999999978,0.97,0.9988091
0,0.002802449,0,0.000937072
0,0.016656142,0.15,0.02958769
0,0.002750315,0,0.000812468
0,0.00380764,0,0.001311043
0,0.646645893,0.65,0.50638527
0,0.006795934,0,0.00113738
1,0.478314006,0.69,0.29341117
0,0.002885328,0,0.003627556
0,0.0167661,0.04,0.009847248
0,0.003212406,0,0.000757659
0,0.03327745,0.13,0.02469936
0,0.003569823,0,0.00086626
0,0.061726444,0.22,0.042370085
0,0.023372898,0.12,0.006914668
0,0.004834093,0,0.001642404
0,0.002683971,0,0.00070884
1,0.996225043,0.86,0.99152035
0,0.002222406,0,0.000735065
1,0.999996256,0.95,0.9988356
0,0.058988137,0.08,0.016432099
0,0.007601828,0.02,0.002411652
0,0.038578754,0.29,0.080120265
1,0.999995515,0.92,0.9880314
0,0.018522795,0.02,0.012722086
0,0.003374725,0,0.000785514
0,0.002037751,0,0.000708054
0,0.002760419,0,0.000816418
0,0.014603069,0.22,0.009416405
0,0.029343817,0.28,0.11599809
0,0.006843884,0,0.000771041
0,0.014706645,0.06,0.008616241
0,0.002753928,0,0.000735881
0,0.002680292,0,0.000745647
0,0.004534947,0,0.001226424
0,0.003906762,0,0.000785267
0,0.006186556,0,0.003267704
0,0.791980593,0.75,0.93949807
1,0.996213424,0.95,0.9938014
0,0.016576723,0.2,0.016274888
0,0.003906566,0,0.000849316
0,0.00308071,0,0.001125578
0,0.002606172,0,0.000827587
0,0.005054133,0,0.001387439
0,0.003018146,0,0.000735881
0,0.018421854,0.03,0.031225247
0,0.02755316,0.01,0.013984961
0,0.022819641,0.03,0.007364521
0,0.00592318,0,0.001151334
0,0.003524475,0,0.001583748
0,0.006273239,0,0.00135297
0,0.012561877,0.01,0.025315253
0,0.007705949,0.04,0.002484798
0,0.006267918,0.01,0.001108907
0,0.007278243,0,0.001430149
0,0.004950633,0,0.001421269
0,0.001730102,0,0.000965505
0,0.121883979,0.64,0.31814367
0,0.006375045,0,0.002089662
0,0.044267752,0.26,0.13836522
0,0.004664174,0,0.001438489
0,0.006709068,0,0.003971764
0,0.005034773,0,0.001196412
0,0.003191928,0,0.00070884
0,0.006527812,0,0.002257111
0,0.024595053,0.26,0.026385343
0,0.0036223,0,0.000850748
0,0.020601406,0.24,0.042425666
0,0.003982098,0,0.001081107
1,0.989244002,0.75,0.9522301
0,0.004684329,0.06,0.011802226
0,0.013554023,0.24,0.018739387
0,0.003132061,0,0.00118275
1,0.370806743,0.41,0.46168375
0,0.01769875,0.08,0.07064254
0,0.002870493,0,0.000836268
1,0.997480718,0.97,0.9973737
0,0.002520061,0,0.000774091
0,0.001734424,0,0.000754667
1,0.996254146,0.9,0.9972976
0,0.005606729,0,0.00102032
0,0.011740484,0.01,0.005696987
1,0.13204263,0.51,0.6242152
0,0.013326567,0.04,0.007458652
0,0.003723295,0,0.000992686
0,0.00412138,0,0.00077786
0,0.003526067,0,0.002202467
0,0.001969964,0,0.001236475
0,0.010036601,0,0.005846609
0,0.002337436,0,0.000708054
0,0.004506644,0.01,0.001256506
0,0.00265577,0,0.000739775
0,0.002265199,0,0.000725428
0,0.002544581,0,0.001062725
0,0.04341708,0.11,0.035482056
0,0.002069833,0,0.000745647
0,0.020068625,0.06,0.008427007
0,0.003338717,0,0.001681895
0,0.004017876,0,0.001186047
1,0.9963907,0.98,0.99932206
1,0.982481673,0.83,0.99116266
0,0.005049786,0,0.010809522
0,0.029949367,0.02,0.010743365
0,0.004700565,0,0.001355802
0,0.006625722,0.02,0.0017426
1,0.839238677,0.55,0.919165
0,0.00362481,0,0.0015534
0,0.002591869,0,0.001038251
0,0.006870392,0.03,0.002426972
0,0.003873482,0.07,0.001916061
0,0.002683965,0,0.000773864
1,0.943215068,0.62,0.22653803
0,0.004466283,0,0.000802415
0,0.002930319,0,0.000758143
0,0.102692287,0.23,0.03733849
0,0.009397806,0,0.006004481
0,0.011219954,0.09,0.010926141
1,0.999999444,0.96,0.99901795
0,0.002177339,0.01,0.00119589
0,0.00493415,0,0.001342233
1,0.88840169,0.6,0.4967319
0,0.002339435,0,0.000753101
0,0.014806235,0.02,0.003408489
1,0.568639499,0.6,0.4122533
0,0.009470349,0,0.001854995
0,0.007986941,0,0.001520049
0,0.006372605,0,0.004171936
1,0.996386417,0.88,0.95007014
0,0.003365,0.02,0.001777725
0,0.004432103,0,0.000872044
0,0.004124046,0,0.000928467
0,0.012230147,0,0.008381341
0,0.006459128,0,0.001992335
1,0.136866383,0.35,0.0708401
1,0.997452536,0.87,0.99508685
0,0.002021081,0,0.000739775
0,0.014055139,0.07,0.010669299
0,0.010924353,0,0.003039062
1,0.996223427,0.93,0.98442656
0,0.002484807,0,0.000816709
0,0.005598995,0,0.002409224
0,0.005292253,0,0.001454971
1,0.374941762,0.58,0.38204083
0,0.004131463,0,0.000875333
0,0.004933735,0,0.001048121
0,0.017274984,0.33,0.010090701
0,0.008151513,0.01,0.003807078
1,0.838084975,0.47,0.9097977
0,0.033371625,0.02,0.01893513
0,0.002913692,0,0.000815831
0,0.011106895,0,0.020887507
1,0.996215279,0.76,0.7555627
0,0.001696269,0,0.000708054
0,0.005362552,0.02,0.020063449
0,0.002568937,0,0.001032245
0,0.00443613,0,0.000901848
0,0.004192857,0,0.000830618
0,0.005061875,0,0.000968603
1,0.996427357,0.92,0.99896216
0,0.006768709,0.03,0.002864194
1,0.981105077,0.78,0.9722493
0,0.002416637,0,0.000741322
0,0.003361668,0.01,0.003753459
1,0.996588668,0.94,0.99749583
0,0.006891993,0,0.001300091
1,0.99367598,0.76,0.9875289
0,0.006939334,0,0.003514757
0,0.009541727,0,0.002066321
1,0.647581,0.56,0.1530692
0,0.009445462,0.02,0.00516309
0,0.003144329,0,0.001029567
0,0.004080811,0,0.001471838
0,0.002038943,0,0.000903563
1,0.996350707,0.91,0.99674404
0,0.002557861,0,0.000708054
0,0.043451426,0.07,0.007504286
1,0.996233795,0.97,0.96792185
0,0.007217413,0,0.002547259
0,0.003771269,0,0.000830114
0,0.009891214,0.05,0.008657673
0,0.010172132,0.02,0.006347331
0,0.036616993,0.23,0.034197517
1,0.980015349,0.76,0.90914166
1,0.996238974,0.86,0.99821943
0,0.012657704,0.09,0.021728575
1,0.999983534,0.89,0.99644035
0,0.034172602,0.18,0.017243262
0,0.006379116,0,0.001203538
0,0.023077044,0.02,0.02565122
0,0.02475159,0.1,0.003846671
0,0.007883333,0.06,0.003446181
0,0.006519433,0,0.001107591
0,0.005024397,0,0.001177123
0,0.006037312,0.02,0.001483114
1,0.958277116,0.8,0.83347416
0,0.00492,0.01,0.002928025
0,0.014487281,0.03,0.006734099
0,0.00757812,0.07,0.00132767
0,0.002821925,0.01,0.003199001
0,0.010713371,0,0.006799615
0,0.005533278,0,0.000955951
0,0.003370211,0,0.001265559
0,0.036334538,0.03,0.016281163
0,0.009036855,0,0.000769724
0,0.002235331,0,0.000774415
0,0.006296252,0,0.001686691
0,0.004782315,0,0.001359572
1,0.999995566,0.89,0.97866607
0,0.033205154,0.09,0.07970538
0,0.092540908,0.35,0.018169576
1,0.996254229,0.96,0.999097
0,0.002847964,0,0.000774091
1,0.989551982,0.82,0.94966656
1,0.999999855,0.99,0.9997173
0,0.005010615,0,0.00128953
0,0.023146529,0,0.003109968
1,0.996588975,0.97,0.9987814
0,0.007786386,0,0.002752521
1,0.997093632,0.9,0.98921764
1,0.996665978,0.95,0.9979965
0,0.020968118,0.43,0.08742782
0,0.004118814,0,0.00117004
1,0.996223355,0.85,0.9853774
0,0.122021205,0.39,0.55498683
0,0.006100994,0.01,0.002201837
0,0.00321531,0,0.000910158
0,0.0022509,0,0.000710794
0,0.005885537,0,0.001101801
0,0.004090662,0,0.001328456
0,0.018417252,0,0.002975053
0,0.001954262,0,0.000708054
1,0.99999389,0.88,0.9970323
0,0.01124012,0,0.004708911
0,0.016160167,0.03,0.014414662
1,0.999999523,0.92,0.99583817
0,0.010796897,0.02,0.00207904
0,0.004900845,0,0.002548339
0,0.002974231,0,0.000885519
0,0.008577026,0,0.003962765
0,0.003348516,0,0.000831445
0,0.002016895,0,0.00070884
0,0.010204021,0,0.002313103
0,0.001562471,0,0.001164632
0,0.002550764,0.01,0.00279207
1,0.999999651,0.96,0.9992749
0,0.004603686,0,0.000964178
0,0.00266441,0,0.000791205
0,0.003662387,0,0.001286113
0,0.006415224,0,0.002215023
1,0.996263541,0.85,0.99400204
0,0.002434373,0,0.000798448
0,0.013520073,0.02,0.004149334
0,0.002257894,0,0.000745647
0,0.002912325,0,0.001271895
0,0.005690261,0,0.00169494
0,0.995483705,0.76,0.8437141
0,0.002378942,0,0.000806661
0,0.017249376,0.09,0.018217329
0,0.007776856,0,0.001410744
0,0.002827182,0,0.000822396
0,0.006562017,0,0.002405877
0,0.001794981,0,0.000832631
1,0.880547919,0.68,0.90787935
1,0.999999423,0.97,0.9969201
0,0.004712692,0,0.000832789
0,0.006254894,0.01,0.004779119
0,0.007035453,0.02,0.003600892
0,0.004698604,0,0.000787617
0,0.001973488,0,0.000811997
0,0.003013288,0,0.001106491
1,0.996029915,0.78,0.9828457
0,0.013719929,0.01,0.004913191
0,0.004079379,0,0.000804847
0,0.008893994,0,0.005809421
1,0.901687779,0.69,0.8574505
1,0.996227413,0.94,0.9916243
0,0.001783445,0,0.000817276
0,0.005503896,0,0.001883545
1,0.952173581,0.8,0.8835953
0,0.002405842,0,0.000739775
0,0.029517541,0.19,0.05057688
0,0.004666163,0,0.000843836
0,0.003339573,0,0.00087339
0,0.011796821,0,0.001948812
0,0.005094244,0,0.000841967
0,0.006086993,0,0.001207913
0,0.008584011,0,0.002452205
0,0.004090413,0,0.001249457
0,0.003933925,0,0.000796588
0,0.005880617,0,0.00150294
0,0.00214725,0,0.00070884
0,0.007581886,0,0.002235001
0,0.005371712,0,0.001455253
0,0.004228811,0,0.001120703
0,0.003186843,0,0.001143587
0,0.007059122,0,0.001292418
0,0.002711651,0,0.001179768
0,0.003990691,0.02,0.002326188
0,0.004427408,0,0.001404963
0,0.005013007,0,0.001174905
0,0.025428148,0.02,0.004791114
0,0.002472673,0,0.000828923
0,0.002334573,0,0.000735065
0,0.002382242,0,0.000776772
1,0.999996842,0.96,0.9993387
1,0.999999543,0.91,0.9985942
0,0.002708053,0,0.000742442
0,0.023564007,0.04,0.018870415
0,0.008234492,0,0.001069818
0,0.003310958,0,0.000787964
0,0.002565957,0,0.000787861
1,0.999995048,0.96,0.99861217
0,0.008913109,0,0.005564102
0,0.005616464,0,0.000986254
0,0.01337228,0,0.001503672
1,0.513870677,0.7,0.70166963
1,0.999992052,0.9,0.99684685
0,0.003282825,0,0.00070884
1,0.996648353,0.93,0.99780124
0,0.013763386,0.01,0.004956708
0,0.002257114,0,0.002255377
0,0.002725903,0,0.000756247
0,0.003996169,0,0.001792699
0,0.016524722,0,0.001679704
0,0.005622785,0,0.000795736
0,0.003676681,0,0.000933386
0,0.023778281,0.04,0.004923723
0,0.001899591,0,0.002710142
0,0.006988891,0,0.002061475
0,0.050586927,0.16,0.021274412
0,0.002990939,0,0.00125126
1,0.982425412,0.78,0.8724082
0,0.004418997,0,0.000933479
0,0.00409559,0,0.003805183
0,0.026883936,0.01,0.003112046
0,0.006648656,0,0.0018286
1,0.999999133,0.93,0.9943297
0,0.002087767,0,0.000735881
1,0.996230631,0.92,0.99900407
0,0.004292801,0.01,0.001561037
0,0.004106419,0,0.000708054
0,0.007136957,0.23,0.003081167
0,0.002976915,0.01,0.00122999
1,0.996236038,0.89,0.99856263
0,0.003621243,0,0.000944337
0,0.013585288,0.16,0.0128954
0,0.003443273,0,0.000932376
0,0.003983355,0,0.000725428
0,0.013729826,0.08,0.007061655
1,0.999986519,0.86,0.9912937
0,0.009146885,0,0.000829104
0,0.002461108,0,0.000748971
0,0.06024744,0.11,0.010333778
0,0.008642652,0.01,0.006254256
0,0.003036932,0,0.001486907
0,0.003256011,0,0.001117623
0,0.004919842,0,0.001146565
1,0.999993494,0.93,0.9782914
0,0.005151379,0.08,0.005114171
0,0.007401814,0.03,0.005027708
0,0.00288214,0,0.000861604
0,0.004208704,0,0.001257778
0,0.016229582,0.12,0.00441756
0,0.011326384,0,0.001098034
0,0.005038108,0,0.00120052
0,0.001625241,0,0.000738955
1,0.98113066,0.81,0.91654694
0,0.007637877,0,0.001273162
0,0.002667381,0,0.000745647
0,0.004860188,0,0.001242621
0,0.007934183,0.06,0.004557089
0,0.993441669,0.26,0.015731713
0,0.006564988,0,0.006451959
1,0.978591236,0.84,0.9613365
0,0.001753178,0,0.00070884
0,0.012479243,0.21,0.022991804
0,0.031396263,0,0.02799111
0,0.01264744,0,0.004390927
0,0.00257224,0,0.000774091
0,0.00343419,0,0.000829539
0,0.002804606,0,0.000735881
0,0.017283311,0.04,0.04248802
0,0.014118208,0,0.002396385
0,0.002098271,0,0.000752266
1,0.999999581,0.93,0.9963021
0,0.006031402,0.01,0.002618884
0,0.010915325,0,0.003534257
0,0.002757886,0,0.001021238
0,0.002757369,0,0.000739775
0,0.004542283,0,0.002384746
0,0.003819551,0,0.000759562
1,0.996418012,0.97,0.9987639
1,0.151606211,0.33,0.06291045
0,0.012313953,0,0.003128152
0,0.014349762,0.01,0.004235928
1,0.99737186,0.92,0.9984439
0,0.003491395,0,0.000965192
1,0.996282687,0.95,0.9969015
1,0.990801679,0.89,0.9947513
0,0.010111135,0.01,0.005128692
0,0.001958115,0,0.00070884
0,0.002416391,0,0.000803981
0,0.015712376,0.01,0.019166583
0,0.006877312,0.01,0.003915975
0,0.003501199,0,0.001020421
0,0.004900208,0,0.000800232
0,0.004997265,0,0.00085618
0,0.869311795,0.66,0.8224936
0,0.017298205,0,0.004298465
0,0.00826015,0.01,0.002153591
0,0.012084726,0,0.003392233
1,0.996357479,0.93,0.9930494
0,0.015903919,0.13,0.039798968
0,0.004228737,0,0.001399896
0,0.009025375,0,0.01790401
0,0.007628219,0,0.000994022
0,0.003070787,0,0.000735881
0,0.00197714,0,0.000995925
0,0.148560866,0.17,0.07682633
1,0.975004589,0.75,0.8349388
1,0.999989656,0.87,0.9945333
0,0.046998458,0.39,0.22617538
0,0.005597182,0,0.001875911
0,0.010404591,0,0.003765934
1,0.991267482,0.7,0.9460257
0,0.013307574,0,0.003000108
0,0.002669367,0,0.000883023
0,0.015037471,0,0.002351058
1,0.107259788,0.21,0.06744368
0,0.035633807,0.03,0.005297074
0,0.007477592,0,0.001665141
0,0.002472754,0,0.00070884
1,0.661247053,0.69,0.93321383
1,0.739348998,0.52,0.57126725
0,0.00329855,0,0.001178695
0,0.025030078,0.05,0.007745826
0,0.004253151,0,0.001318777
0,0.003877597,0,0.000865961
0,0.003161546,0,0.000900944
0,0.079582652,0.29,0.029747758
0,0.004804155,0,0.000961959
0,0.289266831,0.45,0.24867307
1,0.996331558,0.92,0.9945416
0,0.003852221,0,0.000792233
0,0.002309821,0,0.0029913
1,0.945751107,0.68,0.88537717
1,0.579503403,0.45,0.58448505
0,0.001556425,0,0.000972075
0,0.003268829,0,0.000983849
0,0.002226168,0,0.00070884
0,0.004233515,0,0.000761364
0,0.121758548,0.22,0.03949289
0,0.006863313,0,0.001493755
1,0.744478907,0.75,0.73492885
0,0.017751232,0,0.007714861
0,0.002158756,0,0.000708054
1,0.99999115,0.96,0.9978637
0,0.005482732,0,0.002129643
0,0.019075379,0.01,0.008854186
1,0.996373839,0.93,0.99884653
0,0.002686395,0,0.000745647
0,0.016420537,0.03,0.0189927
0,0.002679964,0,0.000778374
0,0.004887666,0,0.001010935
0,0.013297465,0,0.002965137
1,0.996324633,0.89,0.99566
0,0.006099199,0,0.002939647
0,0.116574915,0.29,0.048463207
1,0.87384247,0.83,0.9573866
0,0.031026705,0.23,0.044997394
0,0.971169367,0.59,0.8394474
0,0.013550986,0.16,0.005720125
0,0.005860474,0,0.000959204
0,0.010191928,0.01,0.003432661
0,0.013575713,0.04,0.006926469
0,0.00856446,0,0.008780171
0,0.004404537,0,0.0027655
1,0.992684781,0.78,0.9886119
0,0.010728894,0,0.006942336
0,0.464766454,0.67,0.78227234
0,0.00512412,0,0.002613626
0,0.004452113,0,0.001036142
0,0.004823431,0,0.000947741
1,0.996380378,0.96,0.99979776
0,0.003379648,0,0.001290885
1,0.99620178,0.88,0.97176707
0,0.017512693,0.01,0.006064557
0,0.004759481,0,0.000790703
0,0.003257312,0,0.000832191
0,0.002505372,0,0.001641317
1,0.99631321,0.89,0.996167
0,0.002681417,0,0.000957029
0,0.004228047,0,0.001146284
0,0.010382208,0.02,0.006694772
0,0.003348536,0.02,0.001803785
0,0.023987544,0,0.020671941
0,0.004000488,0,0.000735881
0,0.018690216,0.25,0.024144929
1,0.996595748,0.96,0.9979037
1,0.996226137,0.94,0.99957603
0,0.006310268,0,0.00202579
1,0.996268143,0.94,0.99933845
0,0.008430628,0,0.002990506
0,0.209699792,0.5,0.027474698
0,0.008304823,0,0.00648238
0,0.01744716,0,0.003711396
1,0.997126962,1,0.99924016
0,0.001820673,0,0.00070884
0,0.027115808,0.1,0.012483643
0,0.008275656,0,0.003128164
0,0.007170018,0,0.003149418
0,0.033124274,0.01,0.00447062
0,0.020542677,0.32,0.008866761
0,0.009747135,0.03,0.004502907
0,0.003665894,0,0.002835547
1,0.996232015,0.99,0.99876225
1,0.345987146,0.33,0.12728526
1,0.996223184,0.9,0.9918372
0,0.006418661,0,0.000984434
0,0.003045813,0,0.000724623
1,0.999992108,0.97,0.9972812
1,0.987606793,0.84,0.9658328
0,0.037125231,0.23,0.012389157
1,0.99637623,0.96,0.99927145
0,0.01058355,0,0.002131918
0,0.002685775,0,0.00070884
1,0.999999131,0.89,0.9966259
0,0.004928263,0,0.000815366
0,0.002069113,0,0.000708054
0,0.004754812,0,0.002354443
0,0.002361179,0,0.000753101
0,0.009971783,0,0.006217703
0,0.006601504,0,0.001468467
0,0.002751366,0,0.001134545
0,0.005453883,0,0.002796158
1,0.951226737,0.53,0.78393376
0,0.006159757,0,0.000930079
0,0.008331652,0,0.018026145
0,0.011255462,0,0.003354711
0,0.414135667,0.47,0.5903883
0,0.012331435,0,0.003625731
0,0.047170131,0.02,0.022582743
0,0.008503722,0,0.003658671
0,0.00650302,0,0.005206211
0,0.004576381,0,0.001579594
0,0.003867058,0,0.000763096
0,0.003765529,0,0.001255522
0,0.805631525,0.55,0.35158244
0,0.001872136,0,0.001060271
1,0.996227468,0.95,0.993309
0,0.001470041,0,0.000724623
0,0.005278684,0,0.003986929
0,0.004239586,0,0.001002544
0,0.024048463,0.34,0.22047189
0,0.004606543,0,0.001419177
1,0.996205493,0.91,0.998125
0,0.002687228,0,0.000775274
0,0.002626658,0,0.000805109
0,0.003193482,0,0.000792204
0,0.002354541,0,0.00070884
1,0.950915053,0.7,0.9596227
1,0.999997471,0.85,0.99703133
0,0.012057958,0,0.00959143
0,0.015934571,0.06,0.002750276
0,0.005280382,0,0.000967568
0,0.011213807,0.06,0.008872677
0,0.001908574,0,0.00070884
0,0.052986028,0.12,0.018497575
1,0.812615821,0.49,0.62593704
1,0.99640596,0.97,0.99799514
1,0.994158854,0.91,0.9829906
0,0.018226642,0.02,0.005753887
0,0.051052357,0.42,0.14951652
1,0.999983401,0.97,0.9968369
0,0.004024659,0,0.000763979
0,0.002987721,0,0.000732117
1,0.999980885,0.89,0.99331856
1,0.976919187,0.82,0.945076
0,0.013053772,0,0.002637065
0,0.006359667,0,0.001544373
0,0.010659903,0.06,0.013820656
1,0.032209769,0.11,0.07184019
0,0.006529849,0.01,0.004949851
0,0.025655673,0.22,0.041755933
0,0.059766825,0.14,0.05948997
0,0.002404569,0,0.00074271
1,0.99622338,0.93,0.9976966
1,0.999985742,0.95,0.99392563
0,0.003451502,0,0.001530352
1,0.999990921,0.94,0.9928703
0,0.00985997,0,0.001638634
1,0.996258861,0.9,0.99472886
0,0.022859596,0.01,0.00476604
0,0.004645984,0,0.001429424
0,0.001627978,0,0.001082214
0,0.005895955,0,0.001033605
0,0.002331699,0,0.00070884
1,0.996277762,0.88,0.98989254
0,0.002414164,0,0.000753101
1,0.999994423,0.95,0.99680674
0,0.01095506,0,0.001690771
1,0.992599757,0.83,0.97617143
1,0.93276039,0.76,0.8105065
0,0.002520237,0,0.000739775
1,0.999988134,0.95,0.99907327
0,0.002522967,0,0.00070884
0,0.364658609,0.44,0.61176693
1,0.915805815,0.5,0.91082186
0,0.002206723,0,0.00075116
0,0.005691268,0.02,0.001424813
0,0.002700164,0,0.000763096
0,0.00294366,0,0.000713289
0,0.019913766,0.04,0.03344615
0,0.011059556,0,0.002588645
0,0.002305231,0,0.000725428
0,0.021386477,0.2,0.056149893
0,0.004550066,0,0.002157315
0,0.00250627,0,0.001294333
0,0.04568093,0.06,0.021829294
0,0.005068006,0,0.000797024
0,0.003768627,0,0.001159764
0,0.001805455,0,0.000786701
0,0.017792621,0.26,0.017840866
0,0.018574252,0.01,0.007994799
0,0.004753397,0,0.00156854
0,0.006345178,0.04,0.00242235
0,0.00199398,0,0.000758203
0,0.008910851,0,0.002568755
0,0.002349868,0,0.000902585
1,0.97472471,0.72,0.97404593
0,0.002882526,0,0.000927163
0,0.004185807,0,0.000769945
1,0.999994197,0.97,0.99979895
0,0.00359628,0,0.000759011
0,0.005663495,0,0.000921182
0,0.100595588,0.24,0.04329087
0,0.00406929,0,0.001118255
0,0.005599591,0.09,0.001929717
0,0.245035119,0.26,0.05005176
0,0.00297823,0,0.001129515
0,0.006398313,0,0.002873437
0,0.005627578,0,0.000842105
0,0.002428083,0,0.000823045
0,0.007241041,0,0.002628546
0,0.005270565,0,0.002355951
0,0.00447996,0.01,0.008997845
0,0.004300025,0,0.001607672
1,0.996226368,0.94,0.9952337
0,0.009215632,0,0.0019649
1,0.614725539,0.73,0.7509799
0,0.008414384,0,0.002360516
1,0.999995922,0.85,0.9967529
0,0.012519077,0,0.001927519
0,0.482993543,0.42,0.025712425
0,0.004083477,0,0.000827547
0,0.006205483,0,0.000974236
1,0.996444266,0.84,0.9873425
0,0.008457447,0,0.001444001
0,0.019323386,0.06,0.031367004
0,0.0029404,0,0.001224812
0,0.007120166,0,0.001589504
0,0.007575535,0,0.006496851
1,0.996234621,0.91,0.9839712
0,0.003232059,0,0.00078673
0,0.004086449,0,0.001012932
0,0.005492986,0,0.001373066
0,0.007528102,0,0.000960592
0,0.245118252,0.37,0.12088775
0,0.005434142,0,0.001468569
1,0.932114207,0.76,0.99530077
0,0.005303645,0,0.00102833
1,0.086787841,0.54,0.51115686
0,0.019427503,0,0.003095165
0,0.007742697,0,0.003035934
0,0.002753192,0,0.000823495
0,0.004349997,0,0.001961646
0,0.005323294,0,0.002578648
0,0.00390032,0,0.000819171
0,0.015933736,0,0.002310212
0,0.004888789,0,0.001143238
0,0.004495227,0,0.001359257
0,0.029640591,0.07,0.054131407
0,0.002013554,0,0.000782631
0,0.002674228,0.08,0.010997294
0,0.084181363,0.27,0.034962792
0,0.016080116,0.22,0.02465162
0,0.00194176,0.01,0.001204073
0,0.007381441,0,0.001279176
1,0.951657165,0.81,0.38565308
0,0.002600356,0,0.001131905
0,0.002667498,0,0.000753246
0,0.001671357,0,0.001359321
0,0.001945767,0,0.000798457
0,0.00251769,0,0.000708054
0,0.002399192,0,0.000758199
1,0.980005435,0.89,0.96180165
0,0.007134743,0,0.001349328
0,0.034467135,0.41,0.014513732
0,0.003659587,0,0.001146916
0,0.129189338,0.2,0.030094443
0,0.271862221,0.43,0.15181698
0,0.002440786,0,0.00087498
1,0.92958529,0.69,0.82055086
0,0.003919577,0,0.000996652
0,0.009209065,0,0.00139267
0,0.007083245,0,0.000745724
0,0.055235525,0.21,0.07219233
0,0.00464276,0,0.00152271
0,0.025420103,0.06,0.006751846
0,0.009188929,0.01,0.013131673
0,0.003816519,0,0.000908799
0,0.007690103,0,0.001191782
0,0.002596147,0,0.000812779
0,0.009564455,0,0.002790068
0,0.006842774,0,0.002843882
1,0.858148762,0.67,0.97280824
0,0.002500314,0,0.000812535
0,0.009390356,0,0.006445046
0,0.004275254,0,0.000748141
0,0.002728146,0,0.000708054
0,0.002570303,0,0.00070884
0,0.003616457,0,0.00070884
0,0.005466047,0,0.000808065
0,0.002083574,0,0.000796397
1,0.984969654,0.86,0.9880754
0,0.010980416,0,0.001634838
0,0.00228474,0,0.000756096
1,0.999997667,1,0.999699
0,0.002883301,0.05,0.006779524
0,0.016619236,0.01,0.003491561
0,0.00868591,0,0.002288124
1,0.996231927,0.95,0.9976162
0,0.084405108,0.47,0.3019084
1,0.996512011,0.85,0.981057
0,0.004054043,0.01,0.001845279
0,0.002927023,0,0.000744301
1,0.99721424,0.93,0.99807113
0,0.008712692,0,0.004253401
1,0.801460707,0.72,0.49138486
0,0.002353836,0,0.000884119
1,0.996545304,0.84,0.9948002
0,0.007753441,0.05,0.003312942
0,0.01017484,0,0.004796653
0,0.006321797,0,0.004421236
1,0.996300926,0.98,0.99986625
0,0.002868162,0,0.000777511
0,0.00462209,0,0.001209551
0,0.004390261,0,0.003245937
0,0.003000881,0,0.000731095
0,0.003309514,0,0.000730088
0,0.004649996,0,0.001829694
0,0.009967071,0.03,0.010880368
0,0.009620132,0,0.004769216
1,0.92890053,0.68,0.58669037
0,0.003173759,0,0.000767995
0,0.003644265,0,0.000835168
0,0.007861037,0,0.001902638
0,0.008485349,0.01,0.003877573
0,0.004652976,0,0.000809565
0,0.007516891,0.06,0.01585652
0,0.042215223,0.03,0.024491893
0,0.001716194,0,0.000708054
0,0.003864202,0,0.000735881
0,0.002212176,0,0.000739775
1,0.996171291,0.84,0.99247944
0,0.005442734,0,0.002392758
0,0.006611162,0,0.000803555
0,0.0088792,0,0.005114945
1,0.992259674,0.87,0.96129066
0,0.012315249,0.11,0.003378203
0,0.005661058,0,0.000771153
0,0.004060658,0,0.001417932
0,0.004738988,0,0.001371527
0,0.049793354,0.06,0.020218609
0,0.004202521,0,0.001272044
0,0.005221405,0,0.00109673
0,0.001706808,0,0.00070884
0,0.003223363,0,0.002038206
0,0.003468195,0,0.000890682
1,0.99637587,0.98,0.9990262
0,0.003120512,0,0.000725428
0,0.002984802,0,0.000726179
1,0.991951002,0.92,0.971836
0,0.029705764,0.21,0.046695743
0,0.004170394,0,0.000860414
0,0.006083586,0,0.001454122
0,0.004015529,0,0.00113731
0,0.005665522,0,0.001573043
0,0.011427936,0,0.005848901
1,0.996224529,0.91,0.9949681
0,0.061902221,0.22,0.23779391
0,0.036663148,0.41,0.30299872
0,0.01009126,0,0.004195081
0,0.015535694,0,0.002927275
0,0.00309624,0,0.00143506
0,0.002457865,0,0.000738955
1,0.951547878,0.76,0.97263014
0,0.005155918,0,0.00130856
0,0.227066371,0.36,0.23981933
1,0.999999365,0.97,0.99900144
0,0.002197876,0,0.001059282
0,0.005665558,0,0.000971811
1,0.999982564,0.94,0.9985769
1,0.996231789,0.9,0.9850193
1,0.780432275,0.68,0.73381156
0,0.002495223,0,0.000891736
0,0.01116055,0,0.008340072
0,0.021702969,0.06,0.014152261
1,0.836525527,0.64,0.55614024
0,0.0029298,0,0.000920632
0,0.00346205,0,0.001210506
0,0.04143319,0.12,0.008683519
0,0.004854833,0,0.001185537
0,0.054832651,0.1,0.003550148
0,0.023010619,0.33,0.08256043
0,0.002544297,0,0.000767995
1,0.455739508,0.46,0.5063259
0,0.010298035,0,0.005023692
0,0.004860386,0,0.001677722
0,0.011917487,0,0.002312861
0,0.005907894,0,0.000801367
1,0.933364039,0.74,0.9514517
0,0.010946247,0,0.004979484
0,0.002759504,0,0.000723135
0,0.011871805,0,0.003767085
0,0.002553786,0,0.000735881
0,0.007398916,0,0.001632416
1,0.130975329,0.62,0.29576528
0,0.002805513,0,0.000927914
1,0.963204467,0.83,0.9453723
0,0.001794735,0,0.000808891
0,0.004116071,0,0.000888452
0,0.038977869,0.08,0.06425607
0,0.002431964,0,0.00070884
1,0.996223079,0.89,0.9965976
0,0.003188553,0,0.000947071
1,0.938292344,0.81,0.9659472
0,0.988581715,0.68,0.94651717
0,0.013649375,0.03,0.003201554
0,0.002482516,0,0.001546828
0,0.008162378,0,0.002482974
0,0.063505027,0.26,0.093704924
0,0.002569635,0,0.000726179
1,0.968134063,0.79,0.94201577
0,0.003984469,0,0.001087269
0,0.02411384,0,0.010015996
0,0.017754138,0.26,0.027698502
0,0.007061917,0,0.001651962
0,0.007217796,0,0.002153795
0,0.007986058,0,0.001329406
0,0.002649348,0,0.000724623
0,0.002198516,0,0.000880665
0,0.018859466,0.06,0.011733565
0,0.009763359,0,0.001287716
0,0.012241638,0,0.002092065
1,0.996121256,0.94,0.995342
0,0.003862079,0,0.00091531
1,0.999995678,0.92,0.9984403
0,0.005342332,0,0.000820011
0,0.003873604,0,0.001434235
0,0.002337567,0,0.000752409
0,0.020838433,0.05,0.021457331
0,0.004147103,0,0.000708054
0,0.002481698,0,0.001508473
0,0.005961986,0,0.006046511
0,0.002304319,0,0.000739775
0,0.006016803,0,0.001249117
1,0.962675055,0.75,0.9416401
1,0.992834836,0.74,0.9729232
0,0.008236431,0,0.006554514
0,0.002218251,0,0.000879113
0,0.005379062,0,0.001658951
0,0.005290781,0.01,0.00165103
0,0.002316905,0,0.000790097
1,0.978122176,0.76,0.9519519
0,0.246048326,0.68,0.7566899
1,0.99998507,0.91,0.9965257
0,0.002578143,0,0.001779798
1,0.996430507,0.98,0.9991053
0,0.006125549,0.01,0.002371248
0,0.010946218,0,0.016689789
1,0.996540124,0.98,0.99853194
0,0.020795572,0.14,0.051546063
0,0.004266207,0,0.001235152
1,0.965765095,0.79,0.7684658
0,0.010733536,0.03,0.002683564
0,0.004454852,0,0.001284909
0,0.004942016,0,0.000909534
0,0.015183718,0,0.003326561
0,0.006420339,0,0.001450753
0,0.002270068,0,0.003622057
1,0.406565338,0.56,0.5757507
0,0.00482908,0,0.007677876
0,0.002435781,0,0.000873082
0,0.079462041,0.38,0.057144564
0,0.424892427,0.38,0.044785768
1,0.996220834,0.9,0.98624736
0,0.002421299,0,0.000781274
0,0.003204088,0,0.001015557
0,0.00471572,0,0.001382801
0,0.007555112,0.01,0.010973375
0,0.01694074,0,0.005976652
0,0.002655868,0,0.000830731
0,0.00256807,0,0.000767995
0,0.00255067,0,0.000790397
1,0.99623009,0.93,0.99806136
1,0.992444451,0.73,0.9359081
0,0.092097535,0.54,0.11018165
0,0.005430087,0,0.000840407
0,0.004665753,0,0.001485673
0,0.00283858,0,0.001035733
1,0.749577502,0.57,0.37570542
0,0.00297162,0,0.000767408
0,0.003913562,0,0.000804672
0,0.010158087,0,0.003373956
1,0.957991334,0.66,0.41520822
0,0.029426999,0.32,0.021715408
0,0.025418654,0,0.003102402
0,0.067203161,0.17,0.09266833
0,0.007322155,0,0.001072199
0,0.161743044,0.29,0.089474276
1,0.996227792,0.91,0.998382
0,0.003063476,0.01,0.002205
0,0.003612874,0,0.001230436
0,0.004281642,0,0.000959427
1,0.996223468,0.93,0.9992095
1,0.455811211,0.65,0.57985437
0,0.003696616,0,0.000881269
1,0.996223234,0.96,0.9893112
0,0.004825372,0,0.000769254
0,0.005124365,0,0.00174048
0,0.001977288,0,0.000724623
0,0.001995372,0,0.000735907
0,0.006216878,0,0.001215638
0,0.009926837,0,0.001475733
0,0.003132558,0,0.00085507
0,0.017864609,0.14,0.048132215
0,0.003487374,0,0.000782007
0,0.002261411,0,0.000735065
0,0.100647016,0.23,0.09332128
0,0.002861225,0,0.00085238
0,0.005207382,0,0.000989158
0,0.039832898,0.24,0.05759408
0,0.002923819,0,0.000752479
0,0.005498402,0,0.001118022
0,0.003515784,0,0.000873559
1,0.996493918,0.99,0.997783
0,0.006870794,0,0.001184999
1,0.996257753,0.95,0.99686915
0,0.003329413,0,0.000939853
0,0.002117844,0,0.000735881
0,0.051638965,0.3,0.041642416
0,0.003961446,0,0.000850827
0,0.002259104,0,0.000739775
0,0.005414729,0,0.001117295
0,0.044493281,0.15,0.066117056
1,0.996224518,0.94,0.9988532
0,0.001780052,0,0.000708054
1,0.999998628,0.96,0.99869424
1,0.996746426,0.82,0.9715747
0,0.006644466,0,0.00223768
0,0.018577194,0.16,0.02670355
0,0.01162611,0.12,0.014166244
1,0.996357437,0.94,0.9897654
1,0.999995579,0.96,0.99912554
0,0.003045456,0,0.000845043
0,0.002355,0,0.00070884
0,0.125066837,0.15,0.2767731
1,0.99638834,0.89,0.9989009
0,0.002495446,0,0.000805353
0,0.024663545,0,0.008825488
0,0.011600824,0,0.002432867
1,0.999999832,0.93,0.9985201
0,0.003476311,0,0.001827859
0,0.002504139,0,0.000767995
0,0.032591035,0.05,0.01589799
0,0.023569939,0.02,0.004359355
0,0.004320414,0,0.000725428
0,0.00439687,0.01,0.002870771
0,0.006739113,0,0.000846598
0,0.003843272,0,0.000755139
0,0.003284568,0,0.000953739
0,0.004050137,0,0.001206431
0,0.004911132,0,0.000964817
0,0.002233467,0,0.000735881
1,0.996223479,0.91,0.98411244
1,0.996497535,0.91,0.99149853
0,0.002541296,0,0.000763001
0,0.004613222,0,0.00088271
0,0.007171557,0,0.003120648
0,0.011388824,0,0.002366398
0,0.008897501,0,0.001376671
0,0.002318886,0,0.000724623
0,0.006103433,0,0.001450065
1,0.982500454,0.78,0.9123548
0,0.002482664,0,0.001234666
1,0.999993659,0.82,0.9895571
0,0.002928661,0,0.001617887
0,0.008211058,0,0.004153571
0,0.004036074,0,0.000933917
0,0.037315206,0.23,0.08077784
0,0.061498345,0.32,0.20750839
1,0.996627466,0.8,0.9782866
0,0.012482352,0.01,0.002752527
0,0.00704355,0.06,0.035709523
0,0.027283472,0,0.008281175
1,0.996223429,0.94,0.997323
0,0.002190592,0,0.000836715
0,0.07680168,0.19,0.05926898
0,0.009999912,0.01,0.005499086
0,0.008338249,0,0.003481432
0,0.004689886,0,0.000965947
0,0.002640884,0,0.001018953
0,0.002313391,0,0.00070884
1,0.999982283,0.94,0.99894565
1,0.31757245,0.43,0.027418807
0,0.004881584,0,0.000822463
1,0.557707212,0.48,0.3779257
0,0.005982819,0,0.001265951
1,0.988346209,0.79,0.9487686
1,0.996311574,0.9,0.99187815
0,0.002327253,0,0.003153468
0,0.005554902,0,0.001248378
0,0.004001411,0,0.001370793
0,0.013940488,0,0.003636424
1,0.996226339,0.88,0.99578506
0,0.010016971,0,0.001300422
1,0.995494069,0.87,0.99584395
0,0.010023438,0,0.002720305
0,0.058527089,0.24,0.04668305
1,0.135066683,0.48,0.06344515
0,0.003900955,0,0.001586206
1,0.671537001,0.6,0.39366147
1,0.41945522,0.69,0.13976958
0,0.00418226,0,0.00094585
0,0.033125973,0.03,0.014688499
0,0.056325796,0,0.022354603
0,0.003773337,0,0.000735881
0,0.00613417,0.03,0.002992125
0,0.002498697,0,0.000863557
0,0.003270243,0,0.000747374
0,0.013029711,0,0.005084625
0,0.002394589,0,0.000724623
0,0.002894473,0,0.000810341
0,0.005473843,0,0.002457254
0,0.003211898,0,0.001512634
0,0.007598908,0,0.005676807
0,0.967769739,0.38,0.24190083
0,0.002586638,0,0.001148545
0,0.007290372,0,0.001630192
0,0.022266892,0.09,0.014087038
1,0.996409273,0.89,0.97998065
0,0.033537043,0.09,0.015661465
0,0.004822535,0,0.000888116
0,0.00481943,0,0.00266663
0,0.003384753,0,0.002850254
0,0.005151756,0,0.000773195
0,0.004595915,0.23,0.00318295
0,0.014437391,0.06,0.039649166
0,0.002833981,0,0.000831187
0,0.081970334,0.24,0.11330278
1,0.919119553,0.55,0.7974396
0,0.08993452,0.42,0.023866598
0,0.004670879,0,0.001005199
0,0.005389222,0,0.001212587
1,0.828739595,0.6,0.4318089
0,0.147116444,0.29,0.21669509
0,0.016618663,0.02,0.0124391
0,0.052162194,0.14,0.026474854
0,0.381500241,0.64,0.021124773
0,0.004401758,0,0.000755258
1,0.687324293,0.52,0.7058866
0,0.013317423,0.22,0.008840793
1,0.996224341,0.91,0.9866627
0,0.002615794,0,0.002220814
0,0.002041735,0,0.00104483
0,0.002250549,0,0.001017234
1,0.97579826,0.77,0.8576071
0,0.051412764,0.16,0.032314282
0,0.00761655,0.01,0.001245006
0,0.08977234,0.45,0.17757928
0,0.00668073,0,0.002201855
0,0.006847296,0,0.001174748
0,0.003066211,0.03,0.006123635
0,0.010160943,0,0.00169635
1,0.996225868,0.97,0.99794465
0,0.00586381,0,0.001528901
0,0.07791934,0.16,0.024772776
0,0.005573223,0,0.001596707
0,0.00521029,0,0.003347147
0,0.003878546,0,0.002012016
0,0.005077332,0,0.000866035
0,0.007389502,0,0.001523115
0,0.002875448,0,0.000748971
0,0.002190374,0,0.000817913
1,0.99622353,0.92,0.99878305
0,0.008139383,0.05,0.002279884
0,0.06749182,0.14,0.005448908
0,0.078877775,0.25,0.34808704
0,0.003292328,0,0.001874202
1,0.891445706,0.69,0.6134224
0,0.003943571,0,0.000808554
0,0.003461921,0,0.005745069
0,0.006686309,0,0.001141469
0,0.003063936,0,0.000735881
0,0.009359575,0,0.001026694
0,0.001888885,0,0.001346003
1,0.99999227,0.83,0.99210256
0,0.026249323,0.01,0.003220111
0,0.004244454,0,0.000829828
0,0.003418869,0,0.000969393
0,0.006472901,0,0.005796409
0,0.003019199,0,0.001289897
0,0.013250819,0,0.003559567
0,0.005894346,0,0.00159878
0,0.008168782,0,0.002680195
0,0.008505349,0.03,0.012493094
1,0.996220117,0.91,0.9808426
0,0.003362261,0,0.000724623
1,0.999994506,0.99,0.99924004
0,0.001879863,0,0.000724623
1,0.996423849,0.91,0.9929415
0,0.002653544,0,0.000729981
0,0.020280742,0.08,0.040201865
1,0.996309292,0.92,0.9988135
0,0.010425912,0,0.002593583
0,0.003695685,0,0.000954796
0,0.061776839,0.42,0.066425525
1,0.999999411,0.95,0.9995246
0,0.003073509,0,0.004534859
0,0.001993953,0,0.000994737
0,0.004662549,0.01,0.002667775
0,0.120670012,0.37,0.028378198
0,0.00319508,0,0.000960207
0,0.002133105,0,0.00070884
0,0.005055172,0.03,0.005849475
0,0.00884969,0,0.001183164
0,0.003517593,0,0.000739775
0,0.004059649,0,0.002283189
0,0.004497187,0,0.000735881
1,0.996120502,0.94,0.9896281
1,0.997242122,0.96,0.9989919
1,0.996233664,0.93,0.99544084
1,0.996254022,0.94,0.99926394
0,0.004889473,0,0.000735881
1,0.996245874,0.96,0.9971769
0,0.002739832,0,0.001280794
0,0.002373944,0,0.000768738
0,0.004301234,0.02,0.002233581
0,0.018531988,0.01,0.013156569
0,0.003074417,0,0.001398731
1,0.99622967,0.88,0.9970192
0,0.004857385,0,0.000875726
1,0.196599648,0.62,0.9042279
0,0.002471008,0,0.000735881
0,0.002855493,0,0.001145983
0,0.002388146,0,0.000932885
0,0.002658591,0,0.000742638
0,0.0070432,0,0.005746001
0,0.002646236,0.03,0.003571312
1,0.996183206,0.78,0.97457415
1,0.996232978,0.96,0.99742115
1,0.999988373,0.92,0.98859334
0,0.057897985,0.06,0.047489487
0,0.010918826,0,0.001813501
0,0.0029275,0,0.001473526
0,0.003736447,0,0.002477001
0,0.009211475,0.08,0.014655431
1,0.996223709,0.93,0.99383944
0,0.02172409,0.02,0.004114845
0,0.004315521,0,0.002444146
0,0.023289024,0.08,0.02656887
0,0.004205152,0,0.000787964
0,0.003821398,0,0.001263887
0,0.003563455,0,0.000939585
0,0.008667243,0,0.00307938
0,0.007726132,0,0.001342728
0,0.009183535,0,0.001904348
0,0.107060234,0.31,0.23082156
0,0.005500155,0,0.000742387
0,0.003673569,0,0.000844849
0,0.004964742,0,0.00132633
0,0.005940883,0,0.001731868
0,0.003672687,0,0.000842756
0,0.001968738,0,0.00132536
0,0.031606186,0,0.003840568
1,0.999993846,0.89,0.99574524
0,0.021260314,0.32,0.053120423
0,0.008632532,0,0.003047758
0,0.020482794,0.13,0.015544655
0,0.041519946,0.08,0.043811366
1,0.999991936,0.94,0.9994537
0,0.003394503,0,0.001004308
0,0.007726553,0,0.00156107
1,0.999992951,0.91,0.9993913
0,0.005522071,0,0.002316842
1,0.996224325,0.9,0.9947844
0,0.006679945,0,0.000868752
1,0.147965536,0.25,0.025540471
0,0.008850948,0.01,0.004736176
0,0.002564823,0,0.000767546
0,0.015801974,0.07,0.010235184
0,0.00696457,0,0.001192602
1,0.999994731,0.97,0.9991147
0,0.006196728,0,0.002346196
0,0.059236851,0.22,0.009502515
1,0.996589675,0.91,0.9984028
0,0.00237455,0,0.000748971
0,0.018710516,0,0.001093461
1,0.997475645,0.95,0.99874276
0,0.009243342,0,0.004527383
0,0.011224615,0,0.00347779
0,0.005901438,0.02,0.006469559
0,0.014954009,0,0.006294202
0,0.056707139,0.13,0.03831855
0,0.003223777,0,0.003458922
1,0.999987255,0.94,0.9963322
0,0.052456967,0.2,0.03386608
0,0.001971752,0,0.000787697
1,0.978532682,0.64,0.85057586
0,0.00434638,0,0.00256914
0,0.002780762,0,0.000739775
0,0.016632015,0.05,0.00680033
0,0.010320459,0,0.00116191
0,0.003184009,0.01,0.007134824
0,0.003920557,0,0.000903253
1,0.999997828,0.95,0.99905914
0,0.002359449,0,0.000775274
0,0.162558152,0.4,0.20769116
0,0.00414345,0,0.000774661
0,0.00267702,0.04,0.001965221
0,0.003715032,0,0.00086902
0,0.022747936,0.1,0.05863566
0,0.00938359,0,0.001209488
0,0.008212568,0.02,0.00287531
0,0.010338412,0.01,0.002120123
1,0.999998084,0.96,0.99930954
1,0.996223863,0.95,0.9993069
0,0.003896805,0,0.000763096
0,0.004937186,0.02,0.001845977
1,0.321064883,0.49,0.8229721
1,0.996232947,0.89,0.9959864
0,0.002055876,0,0.000748971
0,0.042615252,0.42,0.046531018
0,0.00663832,0,0.000926267
0,0.002507276,0,0.001765801
0,0.002828477,0,0.000781856
0,0.012712102,0,0.001922732
0,0.003837454,0,0.001897602
0,0.009115314,0,0.002105873
0,0.007789957,0.02,0.007916682
0,0.019966334,0.01,0.00299621
0,0.003378568,0,0.001809714
0,0.060277932,0.13,0.2871986
0,0.075534697,0.16,0.21015291
0,0.04111193,0.06,0.007740411
0,0.031366749,0.34,0.06012415
0,0.003228511,0,0.001362013
0,0.002467825,0,0.000873774
0,0.015463318,0.11,0.01214455
1,0.996248057,0.95,0.9980019
0,0.007311356,0,0.001100824
0,0.011592224,0,0.007039906
0,0.020248317,0.01,0.014082635
0,0.008215961,0,0.002448087
0,0.004807515,0,0.001388525
0,0.004595816,0,0.000882483
0,0.003407334,0,0.000756096
1,0.993595088,0.8,0.9917579
1,0.991115453,0.78,0.84277236
0,0.003854428,0,0.000893767
0,0.003686231,0,0.000951232
1,0.996245289,0.88,0.9966208
0,0.005636798,0,0.001177253
0,0.003759176,0,0.000864061
1,0.999990204,0.84,0.99529463
0,0.00248657,0,0.000708054
0,0.008262058,0.01,0.005227654
0,0.005518102,0,0.001601898
0,0.046593293,0.07,0.025739685
1,0.996235168,0.89,0.99325377
0,0.003370589,0,0.000809359
1,0.783561668,0.46,0.5426126
0,0.00416105,0,0.001066214
0,0.010874026,0.02,0.003011888
0,0.026511152,0.18,0.09583842
0,0.00490898,0,0.001238259
0,0.010099921,0.01,0.002565503
0,0.032842954,0.39,0.036765058
1,0.996233862,0.92,0.9945839
1,0.999988448,0.9,0.9946808
0,0.00900998,0,0.002685479
0,0.003475153,0,0.00085742
0,0.994107742,0.4,0.24820787
0,0.005300281,0,0.002204657
0,0.002993134,0,0.002748962
1,0.184062547,0.66,0.01978403
1,0.99999648,0.87,0.99673885
0,0.002221344,0,0.000708054
0,0.11296408,0.16,0.041368473
0,0.006800356,0,0.001629173
0,0.004266761,0,0.001173265
0,0.012694655,0,0.005412473
0,0.994984949,0.38,0.1496161
0,0.004199188,0,0.000971676
1,0.895405589,0.79,0.80235326
0,0.002562118,0,0.000755253
1,0.995465107,0.85,0.97154677
0,0.37619654,0.55,0.4525581
0,0.227943507,0.61,0.4626812
1,0.988432317,0.89,0.9195427
0,0.007023676,0.03,0.00202565
0,0.005244992,0,0.00149003
0,0.004970959,0,0.000891232
0,0.006036336,0,0.001700289
1,0.996219799,0.85,0.99434704
0,0.00543205,0,0.004734625
0,0.033405118,0.18,0.015043067
0,0.002943651,0,0.001146574
0,0.003392966,0,0.000777358
0,0.010264244,0,0.002001574
0,0.002726819,0,0.001017081
1,0.996224667,0.92,0.99940693
0,0.003646886,0,0.000853835
0,0.00779019,0,0.001799483
1,0.996258747,0.95,0.99928635
0,0.006027454,0,0.00093687
0,0.008238501,0.01,0.007358613
1,0.99628352,0.95,0.9959489
0,0.002703181,0,0.001179612
0,0.007986961,0,0.005505597
0,0.004046585,0,0.001851611
0,0.073592033,0.09,0.04880923
0,0.003067942,0,0.001126529
0,0.003818995,0,0.000886115
1,0.999989148,0.92,0.99758697
0,0.008047265,0,0.002014455
0,0.003802622,0,0.000834419
0,0.007384307,0,0.001649333
0,0.653186443,0.36,0.06513475
1,0.996228652,0.93,0.9993549
0,0.009574342,0.16,0.029773934
1,0.996471442,0.86,0.9286744
0,0.002512403,0,0.00092486
1,0.997080823,0.96,0.99634844
0,0.035148661,0.09,0.017923715
0,0.00570901,0,0.000858488
0,0.005654218,0,0.003338201
0,0.005026357,0,0.001375701
1,0.996223605,0.89,0.9949797
0,0.003086752,0,0.00088285
0,0.006757833,0,0.001137257
1,0.996622853,0.98,0.997015
0,0.006223184,0,0.00474611
0,0.003258535,0,0.001211337
1,0.996244763,0.86,0.99810755
0,0.002418943,0,0.000875971
1,0.983651617,0.87,0.9946068
0,0.057221608,0.01,0.014718507
0,0.002563677,0,0.000767995
1,0.999996695,0.92,0.99912685
0,0.005221016,0,0.002084007
0,0.001699231,0,0.001067636
0,0.00202972,0,0.000724623
0,0.004760087,0,0.000741886
0,0.041649598,0.08,0.011257445
0,0.005210206,0,0.000978485
0,0.007322266,0,0.001277574
1,0.996216652,0.83,0.99566865
0,0.005531885,0,0.002981623
1,0.741783084,0.69,0.33174005
0,0.006403382,0.14,0.016949471
0,0.012214142,0,0.001167958
0,0.007149741,0,0.000955562
0,0.006480642,0,0.001089951
0,0.006816688,0,0.001204968
0,0.004942371,0,0.001736022
1,0.999991785,0.89,0.993598
0,0.004527592,0.01,0.001393759
0,0.005948038,0.03,0.003712803
0,0.148740909,0.32,0.17783473
0,0.008342796,0,0.00260211
0,0.055619098,0.35,0.17220254
0,0.006307406,0,0.001654858
0,0.005476507,0,0.001895218
0,0.006690053,0,0.001619715
0,0.001920255,0,0.000735065
0,0.17757872,0.4,0.3378314
0,0.003188564,0,0.000848977
0,0.007294738,0.01,0.001962979
0,0.003410866,0,0.000779412
0,0.010205791,0,0.004098277
0,0.002600252,0,0.00070884
0,0.005525971,0,0.001670983
0,0.001806353,0,0.000757086
1,0.996406301,0.97,0.99847203
1,0.996258882,0.89,0.9884907
0,0.002318203,0,0.000774091
0,0.001944143,0,0.000725428
0,0.004557974,0,0.00077459
1,0.996223461,0.9,0.99451894
0,0.007060299,0,0.001644297
0,0.005447252,0,0.000815329
0,0.00430492,0,0.00070884
0,0.00412489,0,0.000748971
1,0.999986782,0.85,0.97568536
0,0.006182237,0,0.002048396
0,0.002173227,0,0.000778188
0,0.003706896,0,0.000877536
0,0.00426495,0,0.00125022
0,0.00929286,0.24,0.011118793
0,0.007738508,0,0.000886809
1,0.996357822,0.85,0.9807349
0,0.005060015,0,0.00136167
0,0.003593235,0,0.000708054
1,0.996223573,0.94,0.99829787
0,0.012742065,0.19,0.00306236
1,0.994537418,0.85,0.953207
0,0.003827023,0,0.000853735
0,0.004550368,0,0.001316478
0,0.002708064,0,0.00070884
0,0.002279924,0,0.00070884
1,0.515443998,0.68,0.5521296
0,0.007450053,0,0.003680714
0,0.002670098,0,0.000863633
1,0.999983795,0.88,0.99700624
0,0.985676031,0.89,0.9499252
0,0.004512424,0,0.002125666
1,0.99698285,0.98,0.9992493
0,0.005546184,0,0.001143504
0,0.006369811,0,0.001544129
0,0.006791404,0,0.003104644
0,0.009708267,0,0.005237172
0,0.015199688,0,0.00556611
0,0.013595415,0.08,0.005908934
0,0.002859666,0,0.000793025
0,0.007839762,0,0.003908139
1,0.973650674,0.84,0.9830298
0,0.008558412,0.03,0.001725233
0,0.002409746,0,0.000986667
0,0.005515631,0,0.000736282
0,0.002468146,0,0.001075942
0,0.017643314,0.05,0.02428575
0,0.012238458,0.01,0.015932014
0,0.003229046,0,0.003800069
0,0.004900929,0,0.00094765
0,0.002270397,0,0.000845695
0,0.009883398,0,0.004839883
0,0.010781904,0,0.002627729
1,0.996658748,0.95,0.99632215
0,0.002666388,0,0.000813643
0,0.002923562,0,0.000724623
0,0.00560045,0,0.004644506
0,0.002915655,0.01,0.001003921
0,0.006252,0,0.002473297
0,0.004440615,0,0.001031533
1,0.99999938,0.98,0.99961936
0,0.026873618,0.1,0.004673018
0,0.028587942,0.1,0.010150122
1,0.999999034,0.9,0.9956666
0,0.004966087,0,0.000815135
0,0.007703129,0,0.002852374
0,0.003801958,0,0.000816709
0,0.017967604,0.05,0.0443296
0,0.071561841,0.41,0.1602728
1,0.996225158,0.89,0.9890449
0,0.003680194,0,0.001240555
0,0.004542394,0,0.000872082
0,0.004038693,0,0.00070884
1,0.991714785,0.86,0.95155424
0,0.005432388,0,0.001993079
0,0.006483033,0.18,0.004703039
0,0.002907995,0,0.000774091
0,0.014802774,0.02,0.00818333
1,0.996259693,0.97,0.99890435
0,0.060181963,0.07,0.01830536
0,0.008202297,0,0.002781352
0,0.002409809,0,0.000708054
0,0.005518578,0,0.001413268
0,0.850421297,0.44,0.21881656
0,0.005772184,0,0.002384719
0,0.003585806,0,0.001163726
0,0.006567655,0,0.001915262
0,0.01018731,0.01,0.002289883
1,0.98792098,0.71,0.94409055
0,0.005457545,0,0.00216465
0,0.014661399,0.24,0.021462243
0,0.009500223,0.01,0.003577537
1,0.996304941,0.9,0.98585516
0,0.024741105,0.07,0.019726006
1,0.99623286,0.87,0.9949468
0,0.068342876,0.08,0.0569626
0,0.005478224,0,0.000839746
0,0.003502116,0,0.000960148
1,0.841333802,0.69,0.57650375
0,0.013234103,0,0.002289313
0,0.006814843,0.14,0.006381778
0,0.006447967,0.01,0.006185335
0,0.004000291,0,0.001074781
0,0.016767468,0.03,0.006575294
0,0.004148523,0,0.001929701
1,0.996326197,0.95,0.99969256
0,0.002860168,0,0.00078842
0,0.01632924,0.02,0.010084787
0,0.009146393,0,0.003003145
0,0.016999202,0,0.0038895
0,0.001908586,0,0.000739775
0,0.012544606,0.01,0.004732724
0,0.004230973,0,0.000939361
0,0.013447835,0.17,0.010460938
0,0.003764508,0,0.000745647
0,0.004052551,0.01,0.000931192
1,0.999988944,0.94,0.9976961
0,0.014778008,0.04,0.005877052
0,0.009546334,0.08,0.001742586
0,0.003049437,0,0.000826217
0,0.003339346,0,0.000927366
0,0.002161616,0.01,0.001174267
0,0.002347798,0,0.000745647
0,0.099145134,0.47,0.097611755
0,0.007306735,0,0.001818565
0,0.059238855,0.25,0.048140455
0,0.009580769,0,0.002750175
0,0.002733777,0,0.000774091
0,0.190566793,0.22,0.04712021
0,0.034092895,0.05,0.05777475
0,0.00310437,0,0.000803529
0,0.004994089,0,0.000850406
0,0.004034573,0,0.000774091
1,0.999991626,0.89,0.99708086
0,0.004997057,0,0.001503914
0,0.010853497,0.02,0.002321877
0,0.720820882,0.38,0.12838891
0,0.008831868,0,0.001930833
0,0.004462006,0,0.001212456
0,0.003544349,0,0.000741269
0,0.038118121,0.17,0.034165233
1,0.999991403,0.98,0.9992694
0,0.004569109,0,0.001343196
0,0.003872009,0,0.001037748
0,0.006405881,0,0.002046877
0,0.00340125,0,0.000851973
0,0.005786153,0.01,0.003514299
1,0.999993872,0.91,0.9940691
0,0.145820217,0.51,0.18833652
0,0.005779737,0,0.001558567
0,0.006712654,0,0.001253626
0,0.002277583,0,0.000723517
0,0.002528555,0,0.002109092
1,0.999986052,0.9,0.9985613
0,0.006140115,0,0.001722989
0,0.00209328,0,0.000810469
0,0.004829082,0,0.002050497
1,0.99999492,0.89,0.9835774
0,0.003272247,0,0.001718664
0,0.009046956,0,0.001526501
1,0.996257995,0.99,0.9995189
0,0.016994263,0.24,0.013126175
0,0.009509566,0.03,0.007210477
1,0.999993344,0.98,0.99937844
0,0.004893228,0,0.002813385
0,0.00513505,0,0.000804276
0,0.019129306,0.05,0.016884975
0,0.007352825,0,0.001069836
0,0.008582907,0,0.00278118
0,0.00865971,0,0.001191712
1,0.038243091,0.25,0.021507142
0,0.015468894,0,0.007809069
0,0.002456713,0,0.000759036
0,0.005674353,0,0.001269652
0,0.011034309,0.02,0.002045527
0,0.002367428,0,0.007640276
0,0.005209844,0,0.000822984
0,0.013623602,0,0.004049414
0,0.003068708,0,0.000771
0,0.003753024,0,0.000803356
1,0.996259812,0.92,0.99614114
0,0.994999084,0.33,0.027537396
0,0.002537014,0,0.000764399
0,0.004588563,0,0.000818372
0,0.00426293,0,0.00075195
0,0.002893966,0,0.000742906
0,0.001611427,0,0.000844879
0,0.005496244,0,0.000795356
0,0.005070719,0,0.002597584
0,0.968860268,0.7,0.84404975
1,0.996306591,0.92,0.98322797
0,0.011545103,0.09,0.012754018
0,0.002890655,0,0.000738955
1,0.999999809,0.94,0.9968052
0,0.02358596,0.05,0.012779758
0,0.004780378,0,0.002500525
0,0.023747767,0.24,0.006022946
0,0.002550151,0,0.000785966
1,0.999998803,0.91,0.9966101
0,0.017637519,0,0.003382779
0,0.005321562,0,0.000994784
0,0.0038552,0.01,0.003121542
1,0.996478934,0.87,0.9960408
0,0.00540585,0,0.001381784
1,0.996245964,0.95,0.9962674
0,0.019818551,0,0.003757512
0,0.004774893,0.01,0.002648758
0,0.040776964,0.02,0.04121821
1,0.999993159,0.95,0.9989478
0,0.00957903,0.03,0.001822321
0,0.007922703,0,0.0028939
0,0.013503623,0.01,0.004406273
0,0.002222093,0,0.00070884
0,0.007117816,0.01,0.001562651
0,0.002549456,0,0.002844501
0,0.003505864,0,0.000721841
0,0.002291754,0,0.000708054
0,0.004806324,0,0.000942587
0,0.005739848,0.02,0.001713004
0,0.023834325,0.16,0.037679303
0,0.002076161,0,0.000924605
1,0.996225781,0.9,0.99607277
1,0.999983074,0.93,0.9983558
1,0.996029982,0.9,0.9990816
0,0.003534635,0,0.001106202
0,0.003338309,0.22,0.019171303
0,0.007831809,0,0.001145275
0,0.078169062,0.29,0.028743917
0,0.00364881,0,0.001108318
1,0.999998529,0.92,0.9989213
0,0.002919472,0,0.000713289
1,0.409544419,0.61,0.10183159
0,0.002045202,0,0.000775274
0,0.00436323,0,0.001043257
0,0.03453312,0.23,0.03809298
0,0.001754652,0,0.00070884
0,0.085774365,0.05,0.14808519
0,0.002984999,0,0.000939999
0,0.005793855,0,0.000989497
0,0.036981155,0.21,0.038046207
0,0.003005521,0,0.000706925
1,0.999999913,0.97,0.9996061
0,0.017055947,0,0.004844667
0,0.034871355,0.07,0.029178731
0,0.004964509,0,0.000898854
0,0.015071286,0.02,0.006841619
0,0.003927735,0,0.000722236
1,0.997394514,0.82,0.9951945
0,0.005343696,0.02,0.001622165
0,0.002913423,0,0.00083571
0,0.013275626,0,0.002491457
0,0.006765399,0.01,0.003069531
0,0.003334137,0,0.000768271
0,0.009196098,0.04,0.006956977
0,0.0040232,0,0.000902627
0,0.009477942,0,0.002149117
0,0.035648766,0.02,0.02624868
0,0.004031499,0,0.000763979
0,0.00532531,0.09,0.029048983
0,0.017365259,0.12,0.012667895
0,0.006063003,0,0.00279977
0,0.002667123,0,0.000775445
1,0.291156997,0.47,0.02112955
0,0.003447959,0,0.001877654
0,0.004927791,0,0.001602287
0,0.004558381,0,0.00147814
0,0.003676359,0,0.000781318
0,0.006847759,0.04,0.014335737
0,0.004941547,0,0.002279253
0,0.002865076,0,0.000749029
1,0.439730402,0.51,0.3093216
0,0.006797727,0,0.00075388
1,0.996651453,0.87,0.98929954
0,0.018066384,0.06,0.012294728
0,0.006057503,0,0.002883367
0,0.005679903,0,0.002785361
1,0.999998978,0.88,0.99810165
1,0.996529603,0.86,0.98107713
0,0.003780199,0,0.000866789
0,0.008462817,0,0.0026523
0,0.003154422,0,0.000776802
0,0.003430194,0,0.00070884
0,0.004941967,0,0.001670731
0,0.00926324,0,0.005559096
1,0.548932798,0.4,0.437189
0,0.00726471,0,0.001440708
0,0.004830642,0,0.001328389
1,0.995534706,0.8,0.96375704
0,0.004173363,0,0.001438172
0,0.150003774,0.48,0.27243716
0,0.003566322,0,0.001014932
0,0.002362231,0,0.000872388
0,0.003050528,0,0.000767144
0,0.015916241,0,0.058912743
0,0.016010026,0.45,0.06861592
0,0.006264743,0,0.001293703
0,0.002237989,0,0.000891151
0,0.004261832,0,0.001075108
0,0.013475587,0,0.005466376
0,0.004936348,0,0.000983486
0,0.013048584,0.02,0.005162799
0,0.00311389,0,0.000776947
0,0.009392413,0,0.007921432
1,0.557384335,0.64,0.774539
0,0.002649853,0,0.000858478
0,0.002842081,0,0.000847715
0,0.016186839,0.05,0.008384694
0,0.010876248,0,0.003555115
1,0.99999565,0.83,0.9862933
0,0.003840448,0,0.000793415
0,0.029356171,0.21,0.059649978
0,0.01203697,0.14,0.044520285
0,0.010323742,0,0.00186246
0,0.007866165,0,0.002993246
0,0.002447029,0,0.000791326
1,0.458469799,0.5,0.098647125
1,0.996238275,0.92,0.9967727
0,0.002290163,0,0.001191867
0,0.001849745,0,0.001087157
0,0.00709356,0,0.001562039
0,0.005756691,0,0.002913252
0,0.006381763,0,0.000826525
0,0.009052354,0,0.002438765
0,0.017819617,0.02,0.011784932
1,0.996227985,0.94,0.99251235
1,0.892647048,0.71,0.5793911
0,0.007748051,0,0.002141134
0,0.00300046,0,0.001002413
0,0.007529861,0.02,0.002660675
0,0.006543523,0,0.003831077
1,0.995107572,0.88,0.98478585
0,0.001968272,0,0.000856406
0,0.006652404,0.01,0.004927664
0,0.003128005,0,0.00070884
0,0.001726691,0,0.000861208
0,0.019086667,0,0.002241172
0,0.019677881,0.11,0.020115817
0,0.005107808,0.06,0.004079963
0,0.00651508,0,0.000839149
0,0.01169067,0,0.001456386
0,0.008784204,0.01,0.001112384
0,0.00452574,0,0.004289391
0,0.002985386,0,0.000997076
0,0.002967314,0,0.000725428
0,0.006626081,0,0.002864781
0,0.003020686,0,0.000803619
0,0.004273583,0,0.000735881
0,0.002720859,0,0.00070884
0,0.004775757,0,0.001047467
0,0.003175584,0,0.00070884
0,0.00405325,0.01,0.005617433
0,0.00399664,0,0.000789041
0,0.003839207,0,0.000902962
1,0.99623318,0.93,0.9992694
0,0.005737374,0,0.001124926
0,0.030539623,0.14,0.020378988
0,0.004660934,0,0.001414305
0,0.025617448,0.07,0.01975735
0,0.015089697,0,0.006089796
0,0.005037367,0,0.002508094
1,0.996133894,0.68,0.85089034
1,0.996225741,0.95,0.9992943
0,0.003823713,0,0.000893477
0,0.124548911,0.1,0.06481065
0,0.033830807,0.11,0.04874518
0,0.003657281,0,0.000729527
1,0.996902684,0.92,0.9958488
0,0.007483112,0,0.000813965
0,0.003189818,0,0.000786701
0,0.008061584,0,0.001226746
0,0.011299139,0.02,0.013585747
1,0.996256726,0.92,0.9953981
0,0.003287623,0,0.00127629
0,0.057481688,0.21,0.106209
0,0.007492021,0,0.002318276
0,0.012624167,0,0.004195894
0,0.003003515,0,0.001205424
1,0.996225362,0.98,0.9983531
1,0.99999927,0.88,0.99831426
0,0.003520974,0,0.001776656
0,0.009392715,0,0.000821028
0,0.001822951,0,0.001028805
0,0.004967365,0,0.000828121
0,0.005083775,0,0.001062289
1,0.99998823,0.88,0.9959174
1,0.693501724,0.47,0.8140689
1,0.996240406,0.89,0.9964736
0,0.00219738,0,0.000841391
